7970,Homo sapiens,109581,Apoptosis,5357801,Programmed Cell Death
4720,Homo sapiens,71387,Metabolism of carbohydrates,1430728,Metabolism
4413,Homo sapiens,69620,Cell Cycle Checkpoints,1640170,Cell Cycle
4235,Homo sapiens,500792,GPCR ligand binding,162582,Signal Transduction
3814,Homo sapiens,109607,Extrinsic Pathway
3683,Homo sapiens,2173782,Binding and Uptake of Ligands by Scavenger Receptors,5653656,Vesicle-mediated transport
3465,Homo sapiens,388396,GPCR downstream signaling,162582,Signal Transduction
3422,Homo sapiens,71291,Metabolism of amino acids and derivatives,1430728,Metabolism
3331,Homo sapiens,1428517,The citric acid (TCA) cycle and respiratory electron transport,1430728,Metabolism
3166,Homo sapiens,69278,Cell Cycle; Mitotic,1640170,Cell Cycle
3066,Homo sapiens,177929,Signaling by EGFR,162582,Signal Transduction
3064,Homo sapiens,109606,Intrinsic Pathway for Apoptosis,5357801,Programmed Cell Death
3061,Homo sapiens,212436,Generic Transcription Pathway,74160,Gene Expression
2964,Homo sapiens,1257604,PIP3 activates AKT signaling,162582,Signal Transduction,168256,Immune System
2843,Homo sapiens,199991,Membrane Trafficking,5653656,Vesicle-mediated transport
2628,Homo sapiens,556833,Metabolism of lipids and lipoproteins,1430728,Metabolism
2379,Homo sapiens,535734,Fatty acid; triacylglycerol; and ketone body metabolism,1430728,Metabolism
2374,Homo sapiens,75153,Apoptotic execution  phase,5357801,Programmed Cell Death
2359,Homo sapiens,109869,RAF/MAP kinase cascade,162582,Signal Transduction,168256,Immune System,1266738,Developmental Biology
2284,Homo sapiens,168898,Toll-Like Receptors Cascades,168256,Immune System
2281,Homo sapiens,983169,Class I MHC mediated antigen processing & presentation,168256,Immune System
2129,Homo sapiens,190236,Signaling by FGFR,162582,Signal Transduction
2122,Homo sapiens,453279,Mitotic G1-G1/S phases,1640170,Cell Cycle
2073,Homo sapiens,1280215,Cytokine Signaling in Immune system,168256,Immune System
2071,Homo sapiens,168249,Innate Immune System,168256,Immune System
2029,Homo sapiens,1280218,Adaptive Immune System,168256,Immune System
2019,Homo sapiens,169911,Regulation of Apoptosis,5357801,Programmed Cell Death
1995,Homo sapiens,909733,Interferon alpha/beta signaling,168256,Immune System
1989,Homo sapiens,74752,Signaling by Insulin receptor,162582,Signal Transduction
1922,Homo sapiens,73923,Lipid digestion; mobilization; and transport,1430728,Metabolism
1887,Homo sapiens,170834,Signaling by TGF-beta Receptor Complex,162582,Signal Transduction
1835,Homo sapiens,187037,NGF signalling via TRKA from the plasma membrane,162582,Signal Transduction
1820,Homo sapiens,446728,Cell junction organization,1500931,Cell-Cell communication
1796,Homo sapiens,3247509,Chromatin modifying enzymes
1796,Homo sapiens,15869,Metabolism of nucleotides,1430728,Metabolism
1776,Homo sapiens,211945,Phase 1 - Functionalization of compounds,1430728,Metabolism
1741,Homo sapiens,166520,Signalling by NGF,162582,Signal Transduction
1730,Homo sapiens,163685,Integration of energy metabolism,1430728,Metabolism
1706,Homo sapiens,453274,Mitotic G2-G2/M phases,1640170,Cell Cycle
1692,Homo sapiens,2219528,PI3K/AKT Signaling in Cancer,1643685,Disease
1671,Homo sapiens,195721,Signaling by Wnt,162582,Signal Transduction
1654,Homo sapiens,1226099,Signaling by FGFR in disease,1643685,Disease
1609,Homo sapiens,73890,Double-Strand Break Repair,73894,DNA Repair
1607,Homo sapiens,372790,Signaling by GPCR,162582,Signal Transduction
1547,Homo sapiens,72203,Processing of Capped Intron-Containing Pre-mRNA,74160,Gene Expression
1543,Homo sapiens,194315,Signaling by Rho GTPases,162582,Signal Transduction
1541,Homo sapiens,196849,Metabolism of water-soluble vitamins and cofactors
1538,Homo sapiens,162587,HIV Life Cycle,1643685,Disease
1529,Homo sapiens,913531,Interferon Signaling,168256,Immune System
1529,Homo sapiens,186797,Signaling by PDGF,162582,Signal Transduction
1514,Homo sapiens,73884,Base Excision Repair,73894,DNA Repair
1495,Homo sapiens,202403,TCR signaling,168256,Immune System
1479,Homo sapiens,112314,Neurotransmitter Receptor Binding And Downstream Transmission In The  Postsynaptic Cell,112316,Neuronal System
1424,Homo sapiens,983712,Ion channel transport,382551,Transmembrane transport of small molecules
1401,Homo sapiens,400206,Regulation of lipid metabolism by Peroxisome proliferator-activated receptor alpha (PPARalpha),1430728,Metabolism
1399,Homo sapiens,168255,Influenza Life Cycle,1643685,Disease
1396,Homo sapiens,1643713,Signaling by EGFR in Cancer,1643685,Disease
1383,Homo sapiens,388841,Costimulation by the CD28 family,168256,Immune System
1379,Homo sapiens,1236394,Signaling by ERBB4,162582,Signal Transduction
1320,Homo sapiens,422475,Axon guidance,1266738,Developmental Biology
1307,Homo sapiens,1227986,Signaling by ERBB2,162582,Signal Transduction
1279,Homo sapiens,877300,Interferon gamma signaling,168256,Immune System
1240,Homo sapiens,72613,Eukaryotic Translation Initiation,74160,Gene Expression,392499,Metabolism of proteins
1237,Homo sapiens,201681,TCF dependent signaling in response to WNT,162582,Signal Transduction
1235,Homo sapiens,168643,Nucleotide-binding domain; leucine rich repeat containing receptor (NLR) signaling pathways,168256,Immune System
1234,Homo sapiens,168928,RIG-I/MDA5 mediated induction of IFN-alpha/beta pathways,168256,Immune System
1227,Homo sapiens,1630316,Glycosaminoglycan metabolism,1430728,Metabolism
1225,Homo sapiens,194138,Signaling by VEGF,162582,Signal Transduction
1207,Homo sapiens,381119,Unfolded Protein Response (UPR),392499,Metabolism of proteins
1204,Homo sapiens,1500620,Meiosis,1640170,Cell Cycle
1203,Homo sapiens,504046,RNA Polymerase I; RNA Polymerase III; and Mitochondrial Transcription,74160,Gene Expression
1187,Homo sapiens,3299685,Detoxification of Reactive Oxygen Species,2262752,Cellular responses to stress
1179,Homo sapiens,2142753,Arachidonic acid metabolism,1430728,Metabolism
1163,Homo sapiens,1234174,Regulation of Hypoxia-inducible Factor (HIF) by oxygen
1159,Homo sapiens,156580,Phase II conjugation,1430728,Metabolism
1135,Homo sapiens,166658,Complement cascade,168256,Immune System
1111,Homo sapiens,1296071,Potassium Channels,112316,Neuronal System
1097,Homo sapiens,1489509,DAG and IP3 signaling,162582,Signal Transduction,168256,Immune System
1092,Homo sapiens,373760,L1CAM interactions,1266738,Developmental Biology
1089,Homo sapiens,425366,Transport of glucose and other sugars; bile salts and organic acids; metal ions and amine compounds,382551,Transmembrane transport of small molecules
1088,Homo sapiens,163200,Respiratory electron transport; ATP synthesis by chemiosmotic coupling; and heat production by uncoupling proteins.,1430728,Metabolism
1079,Homo sapiens,162906,HIV Infection,1643685,Disease
1075,Homo sapiens,73885,Nucleotide Excision Repair,73894,DNA Repair
1062,Homo sapiens,1980143,Signaling by NOTCH1,162582,Signal Transduction
1059,Homo sapiens,140877,Formation of Fibrin Clot (Clotting Cascade),109582,Hemostasis
1049,Homo sapiens,977225,Amyloids,1643685,Disease
1045,Homo sapiens,418346,Platelet homeostasis,109582,Hemostasis
1042,Homo sapiens,202733,Cell surface interactions at the vascular wall,109582,Hemostasis
1037,Homo sapiens,69242,S Phase,1640170,Cell Cycle
1034,Homo sapiens,68874,M/G1 Transition,69306,DNA Replication,1640170,Cell Cycle
1017,Homo sapiens,382556,ABC-family proteins mediated transport,382551,Transmembrane transport of small molecules
1017,Homo sapiens,216083,Integrin cell surface interactions,1474244,Extracellular matrix organization
1014,Homo sapiens,373755,Semaphorin interactions,1266738,Developmental Biology
1002,Homo sapiens,69239,Synthesis of DNA,69306,DNA Replication,1640170,Cell Cycle
995,Homo sapiens,3371556,Cellular response to heat stress,2262752,Cellular responses to stress
992,Homo sapiens,157118,Signaling by NOTCH,162582,Signal Transduction
980,Homo sapiens,1433557,Signaling by SCF-KIT,162582,Signal Transduction
976,Homo sapiens,72766,Translation,74160,Gene Expression,392499,Metabolism of proteins
973,Homo sapiens,2559580,Oxidative Stress Induced Senescence,2262752,Cellular responses to stress
973,Homo sapiens,1474228,Degradation of the extracellular matrix,1474244,Extracellular matrix organization
963,Homo sapiens,428157,Sphingolipid metabolism,1430728,Metabolism
961,Homo sapiens,381340,Transcriptional regulation of white adipocyte differentiation,1266738,Developmental Biology
953,Homo sapiens,196071,Metabolism of steroid hormones and vitamin D,1430728,Metabolism
950,Homo sapiens,425393,Transport of inorganic cations/anions and amino acids/oligopeptides,382551,Transmembrane transport of small molecules
949,Homo sapiens,186712,Regulation of beta-cell development,1266738,Developmental Biology
949,Homo sapiens,1834949,Cytosolic sensors of pathogen-associated DNA ,168256,Immune System
942,Homo sapiens,2404192,Signaling by Type 1 Insulin-like Growth Factor 1 Receptor (IGF1R),162582,Signal Transduction
942,Homo sapiens,191273,Cholesterol biosynthesis,1430728,Metabolism
933,Homo sapiens,76005,Response to elevated platelet cytosolic Ca2+,109582,Hemostasis
924,Homo sapiens,2262749,Cellular response to hypoxia,2262752,Cellular responses to stress
912,Homo sapiens,983705,Signaling by the B Cell Receptor (BCR),168256,Immune System
910,Homo sapiens,76002,Platelet activation; signaling and aggregation,109582,Hemostasis
905,Homo sapiens,73857,RNA Polymerase II Transcription,74160,Gene Expression
905,Homo sapiens,449147,Signaling by Interleukins,168256,Immune System
890,Homo sapiens,983231,Factors involved in megakaryocyte development and platelet production,109582,Hemostasis
887,Homo sapiens,425407,SLC-mediated transmembrane transport,382551,Transmembrane transport of small molecules
886,Homo sapiens,168254,Influenza Infection,1643685,Disease
883,Homo sapiens,2559583,Cellular Senescence,2262752,Cellular responses to stress
881,Homo sapiens,162909,Host Interactions of HIV factors,1643685,Disease
873,Homo sapiens,1483206,Glycerophospholipid biosynthesis,1430728,Metabolism
864,Homo sapiens,2187338,Visual phototransduction,162582,Signal Transduction
863,Homo sapiens,3858494,beta-catenin independent WNT signaling,162582,Signal Transduction
863,Homo sapiens,174143,APC/C-mediated degradation of cell cycle proteins
857,Homo sapiens,446203,Asparagine N-linked glycosylation,392499,Metabolism of proteins
857,Homo sapiens,202131,Metabolism of nitric oxide,1430728,Metabolism
841,Homo sapiens,201451,Signaling by BMP,162582,Signal Transduction
821,Homo sapiens,198933,Immunoregulatory interactions between a Lymphoid and a non-Lymphoid cell,168256,Immune System
814,Homo sapiens,1912422,Pre-NOTCH Expression and Processing,162582,Signal Transduction
808,Homo sapiens,2132295,MHC class II antigen presentation,168256,Immune System
799,Homo sapiens,195253,Degradation of beta-catenin by the destruction complex,162582,Signal Transduction
798,Homo sapiens,391251,Protein folding,392499,Metabolism of proteins
783,Homo sapiens,211859,Biological oxidations,1430728,Metabolism
762,Homo sapiens,69304,Regulation of DNA replication,69306,DNA Replication,1640170,Cell Cycle
761,Homo sapiens,189200,Hexose transport,382551,Transmembrane transport of small molecules,1430728,Metabolism
756,Homo sapiens,2173793,Transcriptional activity of SMAD2/SMAD3:SMAD4 heterotrimer,74160,Gene Expression,162582,Signal Transduction
755,Homo sapiens,211000,Regulatory RNA pathways,74160,Gene Expression
753,Homo sapiens,73886,Chromosome Maintenance,1640170,Cell Cycle
742,Homo sapiens,2028269,Signaling by Hippo,162582,Signal Transduction
724,Homo sapiens,73893,DNA Damage Bypass,73894,DNA Repair
724,Homo sapiens,1650814,Collagen biosynthesis and modifying enzymes,1474244,Extracellular matrix organization
723,Homo sapiens,1483249,Inositol phosphate metabolism,1430728,Metabolism
721,Homo sapiens,112315,Transmission across Chemical Synapses,112316,Neuronal System
718,Homo sapiens,2559586,DNA Damage/Telomere Stress Induced Senescence,2262752,Cellular responses to stress
715,Homo sapiens,3238698,WNT ligand biogenesis and trafficking,162582,Signal Transduction
701,Homo sapiens,111885,Opioid Signalling,162582,Signal Transduction
689,Homo sapiens,452723,Transcriptional regulation of pluripotent stem cells,1266738,Developmental Biology
687,Homo sapiens,5173105,O-linked glycosylation,392499,Metabolism of proteins
686,Homo sapiens,2029480,Fcgamma receptor (FCGR) dependent phagocytosis,168256,Immune System
677,Homo sapiens,390918,Peroxisomal lipid metabolism,1430728,Metabolism
675,Homo sapiens,450531,Regulation of mRNA stability by proteins that bind AU-rich elements,74160,Gene Expression
671,Homo sapiens,912446,Meiotic recombination,1640170,Cell Cycle
665,Homo sapiens,1474290,Collagen formation,1474244,Extracellular matrix organization
664,Homo sapiens,68875,Mitotic Prophase,1640170,Cell Cycle
662,Homo sapiens,156842,Eukaryotic Translation Elongation,74160,Gene Expression,392499,Metabolism of proteins
660,Homo sapiens,1169408,ISG15 antiviral mechanism
660,Homo sapiens,112310,Neurotransmitter Release Cycle,112316,Neuronal System
655,Homo sapiens,157579,Telomere Maintenance,1640170,Cell Cycle
643,Homo sapiens,68877,Mitotic Prometaphase,1640170,Cell Cycle
642,Homo sapiens,419524,Fanconi Anemia pathway,73894,DNA Repair
635,Homo sapiens,1222352,Latent infection of Homo sapiens with Mycobacterium tuberculosis,1643685,Disease
624,Homo sapiens,1169410,Antiviral mechanism by IFN-stimulated genes,168256,Immune System
623,Homo sapiens,354192,Integrin alphaIIb beta3 signaling,109582,Hemostasis,162582,Signal Transduction
614,Homo sapiens,446652,Interleukin-1 signaling,168256,Immune System
611,Homo sapiens,1268020,Mitochondrial protein import,392499,Metabolism of proteins
606,Homo sapiens,2559585,Oncogene Induced Senescence,2262752,Cellular responses to stress
604,Homo sapiens,375165,NCAM signaling for neurite out-growth,1266738,Developmental Biology
601,Homo sapiens,1592230,Mitochondrial biogenesis,1852241,Organelle biogenesis and maintenance
599,Homo sapiens,1566948,Elastic fibre formation,1474244,Extracellular matrix organization
590,Homo sapiens,917937,Iron uptake and transport,382551,Transmembrane transport of small molecules
589,Homo sapiens,450282,MAPK targets/ Nuclear events mediated by MAP kinases,168256,Immune System
589,Homo sapiens,381426,Regulation of Insulin-like Growth Factor (IGF) transport and uptake by Insulin-like Growth Factor Binding Proteins (IGFBPs),392499,Metabolism of proteins
589,Homo sapiens,2022090,Assembly of collagen fibrils and other multimeric structures,1474244,Extracellular matrix organization
587,Homo sapiens,196854,Metabolism of vitamins and cofactors,1430728,Metabolism
586,Homo sapiens,189445,Metabolism of porphyrins,1430728,Metabolism
583,Homo sapiens,2559582,Senescence-Associated Secretory Phenotype (SASP),2262752,Cellular responses to stress
583,Homo sapiens,1059683,Interleukin-6 signaling,168256,Immune System
582,Homo sapiens,194068,Bile acid and bile salt metabolism,1430728,Metabolism
579,Homo sapiens,391160,Signal regulatory protein (SIRP) family interactions,1500931,Cell-Cell communication
576,Homo sapiens,1187000,Fertilization
575,Homo sapiens,166166,MyD88-independent TLR3/TLR4 cascade ,168256,Immune System
574,Homo sapiens,373752,Netrin-1 signaling,1266738,Developmental Biology
571,Homo sapiens,525793,Myogenesis,1266738,Developmental Biology
568,Homo sapiens,68886,M Phase,1640170,Cell Cycle
558,Homo sapiens,2454202,Fc epsilon receptor (FCERI) signaling,168256,Immune System
543,Homo sapiens,2172127,DAP12 interactions,168256,Immune System
542,Homo sapiens,2644603,Signaling by NOTCH1 in Cancer,1643685,Disease
541,Homo sapiens,3304351,Signaling by TGF-beta Receptor Complex in Cancer,1643685,Disease
540,Homo sapiens,2555396,Mitotic Metaphase and Anaphase,1640170,Cell Cycle
537,Homo sapiens,881907,Gastrin-CREB signalling pathway via PKC and MAPK,162582,Signal Transduction
533,Homo sapiens,376176,Signaling by Robo receptor,1266738,Developmental Biology
532,Homo sapiens,1592389,Activation of Matrix Metalloproteinases,1474244,Extracellular matrix organization
531,Homo sapiens,157858,Gap junction trafficking and regulation,5653656,Vesicle-mediated transport
526,Homo sapiens,112307,Transmission across Electrical Synapses ,112316,Neuronal System
523,Homo sapiens,597592,Post-translational protein modification,392499,Metabolism of proteins
517,Homo sapiens,1655829,Regulation of cholesterol biosynthesis by SREBP (SREBF),1430728,Metabolism
517,Homo sapiens,1461973,Defensins,168256,Immune System
515,Homo sapiens,212165,Epigenetic regulation of gene expression,74160,Gene Expression
494,Homo sapiens,5358508,Mismatch Repair,73894,DNA Repair
493,Homo sapiens,1445148,Translocation of GLUT4 to the plasma membrane,5653656,Vesicle-mediated transport
492,Homo sapiens,927802,Nonsense-Mediated Decay (NMD),74160,Gene Expression
490,Homo sapiens,2160456,Phenylketonuria,1643685,Disease
489,Homo sapiens,381038,XBP1(S) activates chaperone genes
479,Homo sapiens,4791275,Signaling by WNT in cancer,1643685,Disease
475,Homo sapiens,72086,mRNA Capping,74160,Gene Expression
474,Homo sapiens,114508,Effects of PIP2 hydrolysis,109582,Hemostasis
472,Homo sapiens,73942,DNA Damage Reversal,73894,DNA Repair
471,Homo sapiens,75892,Platelet Adhesion to exposed collagen,109582,Hemostasis
468,Homo sapiens,512988,Interleukin-3; 5 and GM-CSF signaling,168256,Immune System
456,Homo sapiens,451927,Interleukin-2 signaling,168256,Immune System
456,Homo sapiens,168253,Host Interactions with Influenza Factors,1643685,Disease
455,Homo sapiens,982772,Growth hormone receptor signaling,168256,Immune System
454,Homo sapiens,2586552,Signaling by Leptin,162582,Signal Transduction
449,Homo sapiens,379724,tRNA Aminoacylation,74160,Gene Expression
449,Homo sapiens,1799339,SRP-dependent cotranslational protein targeting to membrane,74160,Gene Expression,392499,Metabolism of proteins
448,Homo sapiens,2474795,Diseases associated with visual transduction,1643685,Disease
446,Homo sapiens,1442490,Collagen degradation,1474244,Extracellular matrix organization
446,Homo sapiens,112311,Neurotransmitter Clearance In The Synaptic Cleft,112316,Neuronal System
443,Homo sapiens,1221632,Meiotic synapsis,1640170,Cell Cycle
440,Homo sapiens,1502540,Signaling by Activin,162582,Signal Transduction
430,Homo sapiens,1181150,Signaling by NODAL,1266738,Developmental Biology
416,Homo sapiens,373753,Nephrin interactions,1500931,Cell-Cell communication
416,Homo sapiens,2032785,YAP1- and WWTR1 (TAZ)-stimulated gene expression,74160,Gene Expression
414,Homo sapiens,453276,Regulation of mitotic cell cycle,1640170,Cell Cycle
408,Homo sapiens,3229121,Glycogen storage diseases,1643685,Disease
406,Homo sapiens,2426168,Activation of gene expression by SREBF (SREBP)
403,Homo sapiens,1483255,PI Metabolism,1430728,Metabolism
399,Homo sapiens,199977,ER to Golgi Transport,392499,Metabolism of proteins,5653656,Vesicle-mediated transport
396,Homo sapiens,1980145,Signaling by NOTCH2,162582,Signal Transduction
389,Homo sapiens,1480926,O2/CO2 exchange in erythrocytes,1430728,Metabolism
387,Homo sapiens,774815,Nucleosome assembly,1640170,Cell Cycle
384,Homo sapiens,428359,Insulin-like Growth Factor-2 mRNA Binding Proteins (IGF2BPs/IMPs/VICKZs) bind RNA,74160,Gene Expression
382,Homo sapiens,1483257,Phospholipid metabolism,1430728,Metabolism
381,Homo sapiens,380994,ATF4 activates genes
375,Homo sapiens,2046104,alpha-linolenic (omega3) and linoleic (omega6) acid metabolism,1430728,Metabolism
374,Homo sapiens,75072,mRNA Editing,74160,Gene Expression
372,Homo sapiens,163841,Gamma carboxylation; hypusine formation and arylsulfatase activation,392499,Metabolism of proteins
370,Homo sapiens,75205,Dissolution of Fibrin Clot,109582,Hemostasis
368,Homo sapiens,264876,Insulin processing,392499,Metabolism of proteins
367,Homo sapiens,448706,Interleukin-1 processing,168256,Immune System
365,Homo sapiens,5358351,Signaling by Hedgehog,162582,Signal Transduction
356,Homo sapiens,2161522,Abacavir transport and metabolism,1430728,Metabolism
349,Homo sapiens,1362409,Mitochondrial iron-sulfur cluster biogenesis,1430728,Metabolism
344,Homo sapiens,1237044,Erythrocytes take up carbon dioxide and release oxygen,1430728,Metabolism
341,Homo sapiens,425397,Transport of vitamins; nucleosides; and related molecules,382551,Transmembrane transport of small molecules
339,Homo sapiens,975155,MyD88 dependent cascade initiated on endosome
339,Homo sapiens,450294,MAP kinase activation in TLR cascade,168256,Immune System
338,Homo sapiens,888590,GABA synthesis; release; reuptake and degradation,112316,Neuronal System
334,Homo sapiens,73887,Death Receptor Signalling,162582,Signal Transduction
332,Homo sapiens,194441,Metabolism of non-coding RNA,74160,Gene Expression
328,Homo sapiens,2206281,Mucopolysaccharidoses,1643685,Disease
326,Homo sapiens,72764,Eukaryotic Translation Termination,74160,Gene Expression,392499,Metabolism of proteins
325,Homo sapiens,429914,Deadenylation-dependent mRNA decay,74160,Gene Expression
322,Homo sapiens,168799,Neurotoxicity of clostridium toxins,1643685,Disease
316,Homo sapiens,392518,Signal amplification,109582,Hemostasis
311,Homo sapiens,376172,DSCAM interactions,1500931,Cell-Cell communication
311,Homo sapiens,2980736,Peptide hormone metabolism,392499,Metabolism of proteins
303,Homo sapiens,166058,MyD88:Mal cascade initiated on plasma membrane,168256,Immune System
298,Homo sapiens,1679131,Trafficking and processing of endosomal TLR,168256,Immune System
295,Homo sapiens,879415,Advanced glycosylation endproduct receptor signaling,168256,Immune System
285,Homo sapiens,212300,PRC2 methylates histones and DNA,74160,Gene Expression
276,Homo sapiens,5362517,Signaling by Retinoic Acid,162582,Signal Transduction
274,Homo sapiens,1475029,Reversible hydration of carbon dioxide,1430728,Metabolism
272,Homo sapiens,2682334,EPH-Ephrin signaling,1266738,Developmental Biology
271,Homo sapiens,76009,Platelet Aggregation (Plug Formation),109582,Hemostasis
270,Homo sapiens,114604,GPVI-mediated activation cascade,109582,Hemostasis
269,Homo sapiens,456926,Thrombin signalling through proteinase activated receptors (PARs),109582,Hemostasis
264,Homo sapiens,445717,Aquaporin-mediated transport,382551,Transmembrane transport of small molecules
264,Homo sapiens,380972,Energy dependent regulation of mTOR by LKB1-AMPK,162582,Signal Transduction
262,Homo sapiens,1170546,Prolactin receptor signaling,168256,Immune System
260,Homo sapiens,400508,Incretin synthesis; secretion; and inactivation,392499,Metabolism of proteins
256,Homo sapiens,2564830,Cytosolic iron-sulfur cluster assembly,1430728,Metabolism
254,Homo sapiens,5358346,Hedgehog ligand biogenesis,162582,Signal Transduction
248,Homo sapiens,392517,Rap1 signalling,168256,Immune System
246,Homo sapiens,3296482,Defects in vitamin and cofactor metabolism,1643685,Disease
246,Homo sapiens,1266695,Interleukin-7 signaling,168256,Immune System
242,Mycobacterium tuberculosis,870392,Mycobacterium tuberculosis biological processes
242,Homo sapiens,112308,Depolarization of the Presynaptic Terminal Triggers the Opening of Calcium Channels,112316,Neuronal System
233,Homo sapiens,3785653,Myoclonic epilepsy of Lafora,1643685,Disease
226,Homo sapiens,2978092,Abnormal conversion of 2-oxoglutarate to 2-hydroxyglutarate,1643685,Disease
226,Homo sapiens,163125,Post-translational modification: synthesis of GPI-anchored proteins,392499,Metabolism of proteins
223,Homo sapiens,5637815,Signaling by Ligand-Responsive EGFR Variants in Cancer,1643685,Disease
219,Homo sapiens,445989,TAK1 activates NFkB by phosphorylation and activation of IKKs complex,168256,Immune System
219,Homo sapiens,140534,Ligand-dependent caspase activation,5357801,Programmed Cell Death
217,Homo sapiens,5617833,Assembly of the primary cilium,1852241,Organelle biogenesis and maintenance
216,Homo sapiens,75067,Processing of Capped Intronless Pre-mRNA,74160,Gene Expression
216,Homo sapiens,2206302,MPS I - Hurler syndrome,1643685,Disease
213,Homo sapiens,983189,Kinesins
213,Homo sapiens,2990846,SUMOylation,392499,Metabolism of proteins
211,Homo sapiens,2022377,Metabolism of Angiotensinogen to Angiotensins,392499,Metabolism of proteins
210,Homo sapiens,3781865,Diseases of glycosylation,1643685,Disease
207,Homo sapiens,5610787,Hedgehog 'off' state,162582,Signal Transduction
207,Homo sapiens,381183,ATF6-alpha activates chaperone genes
206,Homo sapiens,5334118,DNA methylation,74160,Gene Expression
201,Homo sapiens,68884,Mitotic Telophase/Cytokinesis,1640170,Cell Cycle
196,Homo sapiens,2644602,Signaling by NOTCH1 PEST Domain Mutants in Cancer,1643685,Disease
194,Homo sapiens,5579029,Metabolic disorders of biological oxidation enzymes,1643685,Disease
191,Homo sapiens,2894858,Signaling by NOTCH1 HD+PEST Domain Mutants in Cancer,1643685,Disease
190,Homo sapiens,975871,MyD88 cascade initiated on plasma membrane
189,Homo sapiens,1980148,Signaling by NOTCH3,162582,Signal Transduction
188,Homo sapiens,112313,Neurotransmitter uptake and Metabolism In Glial Cells,112316,Neuronal System
187,Homo sapiens,422085,Synthesis; secretion; and deacylation of Ghrelin,392499,Metabolism of proteins
184,Homo sapiens,5339562,Uptake and actions of bacterial toxins,1643685,Disease
180,Homo sapiens,5368287,Mitochondrial translation,1852241,Organelle biogenesis and maintenance
179,Homo sapiens,2142789,Ubiquinol biosynthesis,1430728,Metabolism
177,Homo sapiens,5221030,TET1;2;3 and TDG demethylate DNA,74160,Gene Expression
177,Homo sapiens,2892247,POU5F1 (OCT4); SOX2; NANOG activate genes related to proliferation,1266738,Developmental Biology
177,Homo sapiens,2660825,Signaling by NOTCH1 t(7;9)(NOTCH1:M1580_K2555) Translocation Mutant,1643685,Disease
175,Homo sapiens,430116,GP1b-IX-V activation signalling,109582,Hemostasis
175,Homo sapiens,209952,Peptide hormone biosynthesis,392499,Metabolism of proteins
171,Homo sapiens,5223345,Miscellaneous transport and binding events,382551,Transmembrane transport of small molecules
167,Homo sapiens,3000170,Syndecan interactions
166,Homo sapiens,3304347,Loss of Function of SMAD4 in Cancer,1643685,Disease
164,Homo sapiens,5387390,Hh mutants abrogate ligand secretion,1643685,Disease
161,Homo sapiens,2691230,Signaling by NOTCH1 HD Domain Mutants in Cancer,1643685,Disease
156,Homo sapiens,3296469,Defects in cobalamin (B12) metabolism,1643685,Disease
153,Homo sapiens,432040,Vasopressin regulates renal water homeostasis via Aquaporins,382551,Transmembrane transport of small molecules
153,Homo sapiens,3304349,Loss of Function of SMAD2/3 in Cancer,1643685,Disease
146,Homo sapiens,2644605,FBXW7 Mutants and NOTCH1 in Cancer,1643685,Disease
146,Homo sapiens,1247673,Erythrocytes take up oxygen and release carbon dioxide,1430728,Metabolism
143,Gallus gallus,353098,Carbohydrate metabolism,1660598,Metabolism
142,Homo sapiens,5632684,Hedgehog 'on' state,162582,Signal Transduction
142,Homo sapiens,3311021,SMAD4 MH2 Domain Mutants in Cancer
139,Homo sapiens,5637812,Signaling by EGFRvIII in Cancer,1643685,Disease
139,Homo sapiens,1980150,Signaling by NOTCH4,162582,Signal Transduction
137,Homo sapiens,432047,Passive transport by Aquaporins,382551,Transmembrane transport of small molecules
132,Homo sapiens,3645790,TGFBR2 Kinase Domain Mutants in Cancer,1643685,Disease
127,Homo sapiens,3304356,SMAD2/3 Phosphorylation Motif Mutants in Cancer,1643685,Disease
125,Homo sapiens,5423646,Aflatoxin activation and detoxification,1430728,Metabolism
124,Homo sapiens,2892245,POU5F1 (OCT4); SOX2; NANOG repress genes related to differentiation,1266738,Developmental Biology
123,Homo sapiens,2206280,MPS IX - Natowicz syndrome,1643685,Disease
117,Homo sapiens,3642279,TGFBR2 MSI Frameshift Mutants in Cancer,1643685,Disease
115,Gallus gallus,437987,Toll-like receptors (TLR) cascades,2422406,Innate Immune System
113,Mus musculus,508751,Circadian Clock,5334727,Mus musculus biological processes
110,Homo sapiens,427359,SIRT1 negatively regulates rRNA Expression,74160,Gene Expression
108,Homo sapiens,418889,Ligand-independent caspase activation via DCC,5357801,Programmed Cell Death
107,Homo sapiens,5250941,Negative epigenetic regulation of rRNA expression,74160,Gene Expression
106,Homo sapiens,5638302,Signaling by Overexpressed Wild-Type EGFR in Cancer,1643685,Disease
104,Homo sapiens,3656534,Loss of Function of TGFBR1 in Cancer,1643685,Disease
104,Homo sapiens,3642278,Loss of Function of TGFBR2 in Cancer,1643685,Disease
94,Homo sapiens,4085001,Sialic acid metabolism,392499,Metabolism of proteins
94,Homo sapiens,3315487,SMAD2/3 MH2 Domain Mutants in Cancer,1643685,Disease
82,Homo sapiens,3656535,TGFBR1 LBD Mutants in Cancer,1643685,Disease
79,Homo sapiens,427413,NoRC negatively regulates rRNA expression,74160,Gene Expression
78,Homo sapiens,3560782,Diseases associated with glycosaminoglycan metabolism,1643685,Disease
76,Gallus gallus,372987,The tricarboxylic acid cycle,1660598,Metabolism
74,Homo sapiens,4839744,truncated APC mutants destabilize the destruction complex,1643685,Disease
73,Homo sapiens,4839735,AXIN mutants destabilize the destruction complex; activating WNT signaling,1643685,Disease
73,Homo sapiens,3656532,TGFBR1 KD Mutants in Cancer,1643685,Disease
72,Homo sapiens,3359469,Defective MTR causes methylmalonic aciduria and homocystinuria type cblG,1643685,Disease
72,Homo sapiens,2206296,MPS II - Hunter syndrome,1643685,Disease
71,Homo sapiens,3359473,Defective MMADHC causes methylmalonic aciduria and homocystinuria type cblD,1643685,Disease
70,Homo sapiens,3323169,Defects in biotin (Btn) metabolism,1643685,Disease
68,Homo sapiens,432030,Transport of glycerol from adipocytes to the liver by Aquaporins,382551,Transmembrane transport of small molecules
68,Homo sapiens,2206307,MPS IIIA - Sanfilippo syndrome A,1643685,Disease
67,Homo sapiens,2206285,MPS VI - Maroteaux-Lamy syndrome,1643685,Disease
64,Homo sapiens,5210891,Uptake and function of anthrax toxins,1643685,Disease
63,Homo sapiens,5663202,Diseases of signal transduction,1643685,Disease
62,Mus musculus,442533,Transcriptional Regulation of Adipocyte Differentiation in 3T3-L1 Pre-adipocytes,5334727,Mus musculus biological processes
61,Homo sapiens,5339717,misspliced LRP5 mutants have enhanced beta-catenin-dependent signaling,1643685,Disease
61,Homo sapiens,3359462,Defective AMN causes hereditary megaloblastic anemia 1,1643685,Disease
61,Homo sapiens,2219530,Constitutive Signaling by Aberrant PI3K in Cancer,1643685,Disease
58,Homo sapiens,5545619,XAV939 inhibits tankyrase; stabilizing AXIN,1643685,Disease
57,Homo sapiens,3560792,Defective SLC26A2 causes chondrodysplasias,1643685,Disease
57,Homo sapiens,3371598,Defective BTD causes biotidinase deficiency,1643685,Disease
56,Gallus gallus,353377,DNA repair,1670466,DNA replication and repair
55,Homo sapiens,5340588,RNF mutants show enhanced WNT signaling and proliferation,1643685,Disease
54,Homo sapiens,3781860,Diseases associated with N-glycosylation of proteins,1643685,Disease
54,Homo sapiens,3359454,Defective TCN2 causes hereditary megaloblastic anemia,1643685,Disease
54,Homo sapiens,2206292,MPS VII - Sly syndrome,1643685,Disease
54,Gallus gallus,1227887,RLR (RIG-like receptor) mediated induction of IFN alpha/beta,2422406,Innate Immune System
52,Gallus gallus,373920,Pyruvate metabolism,1660598,Metabolism
50,Gallus gallus,372568,Amino acid metabolism,1660598,Metabolism
49,Homo sapiens,2206308,MPS IV - Morquio syndrome B,1643685,Disease
48,Homo sapiens,5579031,Defective ACTH causes Obesity and Pro-opiomelanocortinin deficiency (POMCD),1643685,Disease
48,Homo sapiens,5357769,Caspase activation via extrinsic apoptotic signalig pathway,5357801,Programmed Cell Death
47,Homo sapiens,5668914,Diseases of metabolism,1643685,Disease
47,Homo sapiens,2206291,MPS IIIC - Sanfilippo syndrome C,1643685,Disease
46,Homo sapiens,73929,Base-Excision Repair; AP Site Formation,73894,DNA Repair
46,Homo sapiens,5654736,Signaling by FGFR1,162582,Signal Transduction
46,Homo sapiens,5339716,misspliced GSK3beta mutants stabilize beta-catenin,1643685,Disease
46,Homo sapiens,3359467,Defective MTRR causes methylmalonic aciduria and homocystinuria type cblE,1643685,Disease
46,Homo sapiens,2206282,MPS IIIB - Sanfilippo syndrome B,1643685,Disease
45,Homo sapiens,73933,Resolution of Abasic Sites (AP sites),73894,DNA Repair
45,Homo sapiens,3371599,Defective HLCS causes multiple carboxylase deficiency,1643685,Disease
44,Mus musculus,912497,Meiotic Recombination,5334727,Mus musculus biological processes
44,Homo sapiens,4839743,phosphorylation site mutants of CTNNB1 are not targeted to the proteasome by the destruction complex,1643685,Disease
44,Homo sapiens,3359474,Defective MMACHC causes methylmalonic aciduria and homocystinuria type cblC,1643685,Disease
44,Homo sapiens,2206290,MPS IV - Morquio syndrome A,1643685,Disease
43,Homo sapiens,5339700,TCF7L2 mutants don't bind CTBP,1643685,Disease
43,Gallus gallus,419470,Nucleotide metabolism,1660598,Metabolism
43,Mus musculus,2586551,Signaling by Leptin,5334727,Mus musculus biological processes
42,Homo sapiens,5340573,WNT ligand secretion is abrogated by the PORCN inhibitor LGK974,1643685,Disease
42,Homo sapiens,3359475,Defective MMAA causes methylmalonic aciduria type cblA,1643685,Disease
41,Homo sapiens,3359463,Defective CUBN causes hereditary megaloblastic anemia 1,1643685,Disease
40,Homo sapiens,5654738,Signaling by FGFR2,162582,Signal Transduction
40,Homo sapiens,5218859,Regulated Necrosis,5357801,Programmed Cell Death
39,Mus musculus,573389,NoRC negatively regulates rRNA expression,5334727,Mus musculus biological processes
39,Homo sapiens,2206305,MPS IIID - Sanfilippo syndrome D,1643685,Disease
38,Homo sapiens,5654743,Signaling by FGFR4,162582,Signal Transduction
37,Homo sapiens,5467340,AXIN missense mutants destabilize the destruction complex,1643685,Disease
37,Homo sapiens,3359457,Defective GIF causes intrinsic factor deficiency,1643685,Disease
36,Homo sapiens,1368108,BMAL1:CLOCK;NPAS2 activates circadian gene expression,400253,Circadian Clock
34,Homo sapiens,5654741,Signaling by FGFR3,162582,Signal Transduction
34,Homo sapiens,5621481,C-type lectin receptors (CLRs),168256,Immune System
34,Homo sapiens,5358751,S45 mutants of beta-catenin aren't phosphorylated,1643685,Disease
34,Homo sapiens,3359478,Defective MUT causes methylmalonic aciduria mut type,1643685,Disease
34,Homo sapiens,195258,RHO GTPase Effectors,162582,Signal Transduction
33,Homo sapiens,5663205,Infectious disease,1643685,Disease
33,Gallus gallus,372442,Lipid metabolism,1660598,Metabolism
33,Homo sapiens,3359458,Defective LMBRD1 causes methylmalonic aciduria and homocystinuria type cblF,1643685,Disease
32,Homo sapiens,3359471,Defective MMAB causes methylmalonic aciduria type cblB,1643685,Disease
30,Homo sapiens,5674400,Constitutive Signaling by AKT1 E17K in Cancer,1643685,Disease
30,Homo sapiens,5467345,deletions in the AXIN genes in hepatocellular carcinoma result in elevated WNT signaling,1643685,Disease
27,Homo sapiens,5467333,APC truncation mutants are not K63 polyubiquitinated,1643685,Disease
27,Homo sapiens,5260271,Diseases of Immune System,1643685,Disease
26,Homo sapiens,75893,TNF signaling,162582,Signal Transduction
25,Homo sapiens,5602358,Diseases associated with the TLR signaling cascade
25,Homo sapiens,4839748,AMER1 mutants destabilize the destruction complex,1643685,Disease
24,Homo sapiens,5655302,Signaling by FGFR1 in disease,1643685,Disease
24,Homo sapiens,3359485,Defective CD320 causes methylmalonic aciduria,1643685,Disease
22,Homo sapiens,5467337,APC truncation mutants have impaired AXIN binding,1643685,Disease
22,Mus musculus,1221633,Meiotic Synapsis,5334727,Mus musculus biological processes
21,Homo sapiens,5627123,RHO GTPases activate PAKs,162582,Signal Transduction
20,Homo sapiens,5358752,T41 mutants of beta-catenin aren't phosphorylated,1643685,Disease
20,Gallus gallus,2132285,Complement Cascade,2422406,Innate Immune System
19,Homo sapiens,5579007,Defective ACY1 causes encephalopathy,1643685,Disease
19,Homo sapiens,5336415,Uptake and function of diphtheria toxin,1643685,Disease
17,Homo sapiens,5628897,TP53 Regulates Metabolic Genes
17,Gallus gallus,421984,Heme metabolism,1660598,Metabolism
17,Homo sapiens,168164,Toll Like Receptor 3 (TLR3) Cascade,168256,Immune System
16,Homo sapiens,5663220,RHO GTPases Activate Formins,162582,Signal Transduction
16,Homo sapiens,5662702,Melanin biosynthesis,1430728,Metabolism
16,Homo sapiens,4724289,Defective ALG6 causes ALG6-CDG (CDG-1c),1643685,Disease
15,Homo sapiens,5655253,Signaling by FGFR2 in disease,1643685,Disease
15,Homo sapiens,3560796,Defective PAPSS2 causes SEMD-PA,1643685,Disease
14,Homo sapiens,75157,FasL/ CD95L signaling,162582,Signal Transduction
14,Homo sapiens,5579032,Defective TBXAS1 causes Ghosal hematodiaphyseal dysplasia (GHDD),1643685,Disease
13,Homo sapiens,5674404,PTEN Loss of Function in Cancer,1643685,Disease
13,Homo sapiens,5578997,Defective AHCY causes Hypermethioninemia with S-adenosylhomocysteine hydrolase deficiency (HMAHCHD),1643685,Disease
13,Homo sapiens,5358747,S33 mutants of beta-catenin aren't phosphorylated,1643685,Disease
13,Homo sapiens,3656253,Defective EXT1 causes exostoses 1; TRPS2 and CHDS,1643685,Disease
12,Homo sapiens,5663213,RHO GTPases Activate WASPs and WAVEs,162582,Signal Transduction
12,Homo sapiens,5663084,Diseases of carbohydrate metabolism,1643685,Disease
12,Homo sapiens,5579026,Defective CYP11A1 causes Adrenal insufficiency; congenital; with 46;XY sex reversal (AICSR),1643685,Disease
12,Homo sapiens,5579002,Defective UGT1A1 causes hyperbilirubinemia,1643685,Disease
12,Gallus gallus,418124,Telomere maintenance,1670466,DNA replication and repair
12,Homo sapiens,3560783,Defective B4GALT7 causes EDS; progeroid type,1643685,Disease
12,Homo sapiens,3108214,SUMOylation of DNA damage response and repair proteins
12,Homo sapiens,1368082,RORA activates gene expression,400253,Circadian Clock
11,Homo sapiens,5627117,RHO GTPases Activate ROCKs,162582,Signal Transduction
11,Homo sapiens,5578995,Defective TPMT causes Thiopurine S-methyltransferase deficiency (TPMT deficiency),1643685,Disease
10,Homo sapiens,5657560,Hereditary fructose intolerance,1643685,Disease
10,Homo sapiens,5625740,RHO GTPases activate PKNs,162582,Signal Transduction
10,Homo sapiens,5579030,Defective CYP19A1 causes Aromatase excess syndrome (AEXS),1643685,Disease
10,Homo sapiens,5579012,Defective MAOA causes Brunner syndrome (BRUNS),1643685,Disease
10,Homo sapiens,5579006,Defective GSS causes Glutathione synthetase deficiency (GSS deficiency),1643685,Disease
10,Homo sapiens,5578996,Defective CYP27A1 causes Cerebrotendinous xanthomatosis (CTX),1643685,Disease
10,Homo sapiens,5467343,deletions in the AMER1 gene destabilize the destruction complex,1643685,Disease
10,Homo sapiens,5358749,S37 mutants of beta-catenin aren't phosphorylated,1643685,Disease
10,Gallus gallus,433584,Sphingolipid metabolism
10,Homo sapiens,3595177,Defective CHSY1 causes TPBS,1643685,Disease
10,Homo sapiens,1368071,NR1D1 (REV-ERBA) represses gene expression,400253,Circadian Clock
9,Homo sapiens,5626467,RHO GTPases activate IQGAPs,162582,Signal Transduction
9,Homo sapiens,5579000,Defective CYP1B1 causes Glaucoma,1643685,Disease
9,Homo sapiens,4793953,Defective B4GALT1 causes B4GALT1-CDG (CDG-2d),1643685,Disease
9,Homo sapiens,3656244,Defective B4GALT1 causes B4GALT1-CDG (CDG-2d),1643685,Disease
9,Homo sapiens,3656237,Defective EXT2 causes exostoses 2,1643685,Disease
9,Homo sapiens,3595174,Defective CHST14 causes EDS; musculocontractural type,1643685,Disease
8,Homo sapiens,75158,TRAIL  signaling,162582,Signal Transduction
8,Homo sapiens,5655332,Signaling by FGFR3 in disease,1643685,Disease
8,Homo sapiens,5625900,RHO GTPases activate CIT,162582,Signal Transduction
8,Homo sapiens,5603041,IRAK4 deficiency (TLR2/4),1643685,Disease
8,Homo sapiens,5579020,Defective SLC35D1 causes Schneckenbecken dysplasia (SCHBCKD),1643685,Disease
8,Homo sapiens,5579016,Defective UGT1A4 causes hyperbilirubinemia,1643685,Disease
8,Homo sapiens,5467348,truncations of AMER1 destabilize the destruction complex,1643685,Disease
8,Homo sapiens,3560801,Defective B3GAT3 causes JDSSDHD,1643685,Disease
7,Homo sapiens,5668599,RHO GTPases Activate NADPH Oxidases,162582,Signal Transduction
7,Homo sapiens,5603027,IKBKG deficiency causes anhidrotic ectodermal dysplasia with immunodeficiency (EDA-ID) (via TLR),1643685,Disease
7,Homo sapiens,5602571,TRAF3 deficiency - HSE,1643685,Disease
7,Homo sapiens,5579013,Defective CYP7B1 causes Spastic paraplegia 5A; autosomal recessive (SPG5A) and Congenital bile acid synthesis defect 3 (CBAS3),1643685,Disease
7,Homo sapiens,3700989,Transcriptional Regulation by TP53,74160,Gene Expression
7,Homo sapiens,3595172,Defective CHST3 causes SEDCJD,1643685,Disease
6,Homo sapiens,5657562,Essential fructosuria,1643685,Disease
6,Homo sapiens,5625970,RHO GTPases activate KTN1,162582,Signal Transduction
6,Homo sapiens,5579024,Defective MAT1A causes Methionine adenosyltransferase deficiency (MATD),1643685,Disease
6,Homo sapiens,5578998,Defective OPLAH causes 5-oxoprolinase deficiency (OPLAHD),1643685,Disease
5,Homo sapiens,5659898,Intestinal saccharidase deficiencies,1643685,Disease
5,Homo sapiens,5633231,Defective ALG14 causes congenital myasthenic syndrome (ALG14-CMS),1643685,Disease
5,Homo sapiens,5627083,RHO GTPases regulate CFTR trafficking,162582,Signal Transduction
5,Homo sapiens,5625886,Activated PKN1 stimulates transcription of AR (androgen receptor) regulated genes KLK2 and KLK3
5,Homo sapiens,5602498,MyD88 deficiency (TLR2/4),1643685,Disease
5,Homo sapiens,5602410,TLR3 deficiency - HSE,1643685,Disease
5,Homo sapiens,5579022,Defective GGT1 causes Glutathionuria (GLUTH),1643685,Disease
5,Homo sapiens,5579019,Defective FMO3 causes Trimethylaminuria (TMAU),1643685,Disease
5,Homo sapiens,5578999,Defective GCLC causes Hemolytic anemia due to gamma-glutamylcysteine synthetase deficiency (HAGGSD),1643685,Disease
5,Homo sapiens,4549349,Defective ALG2 causes ALG2-CDG (CDG-1i),1643685,Disease
4,Homo sapiens,5666185,RHO GTPases Activate Rhotekin and Rhophilins,162582,Signal Transduction
4,Homo sapiens,5655291,Signaling by FGFR4 in disease,1643685,Disease
4,Homo sapiens,5603029,IkBA variant leads to EDA-ID,1643685,Disease
4,Homo sapiens,5579017,Defective CYP11B1 causes Adrenal hyperplasia 4 (AH4),1643685,Disease
4,Homo sapiens,5579011,Defective CYP2U1 causes Spastic paraplegia 56; autosomal recessive (SPG56),1643685,Disease
4,Homo sapiens,4793954,Defective MOGS causes MOGS-CDG (CDG-2b),1643685,Disease
4,Homo sapiens,4793950,Defective MAN1B1 causes MRT15,1643685,Disease
4,Homo sapiens,4549380,Defective ALG1 causes ALG1-CDG (CDG-1k),1643685,Disease
4,Homo sapiens,3656225,Defective CHST6 causes MCDC1,1643685,Disease
4,Homo sapiens,3108232,SUMO E3 ligases SUMOylate target proteins,392499,Metabolism of proteins
4,Mus musculus,1368110,Bmal1:Clock;Npas2 activates circadian gene expression,5334727,Mus musculus biological processes
3,Homo sapiens,5602566,TICAM1 deficiency - HSE,1643685,Disease
3,Homo sapiens,5579028,Defective CYP17A1 causes Adrenal hyperplasia 5 (AH5),1643685,Disease
3,Homo sapiens,5579027,Defective CYP2R1 causes Rickets vitamin D-dependent 1B (VDDR1B),1643685,Disease
3,Homo sapiens,5579021,Defective CYP21A2 causes Adrenal hyperplasia 3 (AH3),1643685,Disease
3,Homo sapiens,5579010,Defective CYP24A1 causes Hypercalcemia; infantile (HCAI),1643685,Disease
3,Homo sapiens,5579009,Defective CYP11B2 causes Corticosterone methyloxidase 1 deficiency (CMO-1 deficiency),1643685,Disease
3,Homo sapiens,5579004,Defective CYP26C1 causes Focal facial dermal dysplasia 4 (FFDD4),1643685,Disease
3,Homo sapiens,4793952,Defective MGAT2 causes MGAT2-CDG (CDG-2a),1643685,Disease
3,Homo sapiens,4720475,Defective ALG3 causes ALG3-CDG (CDG-1d),1643685,Disease
3,Homo sapiens,4687000,Defective MPDU1 causes MPDU1-CDG (CDG-1f),1643685,Disease
3,Mus musculus,1368092,Rora activates gene expression,5334727,Mus musculus biological processes
2,Mus musculus,5667092,Nr1d1 (Rev-erba) represses gene expression,5334727,Mus musculus biological processes
2,Homo sapiens,5638303,Inhibition of Signaling by Overexpressed EGFR
2,Homo sapiens,5603037,IRAK4 deficiency (TLR5),1643685,Disease
2,Homo sapiens,5602415,UNC93B1 deficiency - HSE,1643685,Disease
2,Homo sapiens,5579015,Defective CYP26B1 causes Radiohumeral fusions with other skeletal and craniofacial anomalies (RHFCA),1643685,Disease
2,Homo sapiens,5579005,Defective CYP4F22 causes Ichthyosis; congenital; autosomal recessive 5 (ARCI5),1643685,Disease
2,Homo sapiens,4724325,Defective ALG8 causes ALG8-CDG (CDG-1h),1643685,Disease
2,Homo sapiens,4570571,Defective RFT1 causes RFT1-CDG (CDG-1n),1643685,Disease
1,Homo sapiens,5602680,MyD88 deficiency (TLR5),1643685,Disease
1,Homo sapiens,5602636,IKBKB deficiency causes SCID,1643685,Disease
1,Homo sapiens,5579014,Defective CYP27B1 causes Rickets vitamin D-dependent 1A (VDDR1A),1643685,Disease
1,Homo sapiens,5362768,Hh mutants that don't undergo autocatalytic processing are degraded by ERAD
1,Homo sapiens,5357609,Glycogen storage disease type II (GAA),1643685,Disease
1,Homo sapiens,4720489,Defective ALG12 causes ALG12-CDG (CDG-1g),1643685,Disease
1,Homo sapiens,4720454,Defective ALG9 causes ALG9-CDG (CDG-1l),1643685,Disease
1,Homo sapiens,4551295,Defective ALG11 causes ALG11-CDG (CDG-1p),1643685,Disease
1,Homo sapiens,4549356,Defective DPAGT1 causes DPAGT1-CDG (CDG-1j) and CMSTA2,1643685,Disease
